카테고리1,카테고리2,대분류
패딩,패딩,Outer
캐주얼상의,티셔츠,Top
재킷,더블브레스티드재킷,Outer
베스트,패딩조끼,Outer
코트,더플코트,Outer
셔츠,셔츠,Top
샌들,샌들,Accessory
패딩,패딩,Outer
패딩,패딩,Outer
드레스,드레스,Dress&Setup
패딩,패딩,Outer
패딩,패딩,Outer
캐주얼상의,후드,Top
재킷,트럭커,Outer
재킷,바람막이,Outer
캐주얼상의,스웨트셔츠,Top
코트,더플코트,Outer
코트,케이프,Outer
스커트,플레어스커트,Bottom
베스트,패딩조끼,Outer
패딩,패딩,Outer
캐주얼상의,후드,Top
패딩,패딩,Outer
니트웨어,가디건,Top
팬츠,슬랙스,Bottom
베스트,패딩조끼,Outer
드레스,멜빵원피스,Dress&Setup
캐주얼상의,티셔츠,Top
패딩,패딩,Outer
패딩,패딩,Outer
패딩,패딩,Outer
점퍼,야상,Outer
코트,트렌치코트,Outer
패딩,패딩,Outer
패딩,패딩,Outer
모자,귀마개,Accessory
패딩,패딩,Outer
캐주얼상의,스웨트셔츠,Top
캐주얼상의,폴로셔츠,Top
패딩,패딩,Outer
캐주얼상의,후드,Top
팬츠,스웨트팬츠,Bottom
패딩,패딩,Outer
재킷,집업재킷,Outer
캐주얼상의,스웨트셔츠,Top
드레스,드레스,Dress&Setup
블라우스,블라우스,Top
스커트,러플스커트,Bottom
탑,파자마상의,Top
팬츠,잠옷바지,Bottom
캐주얼상의,티셔츠,Top
스커트,플레어스커트,Bottom
블라우스,블라우스,Top
팬츠,스웨트팬츠,Bottom
스커트,러플스커트,Bottom
팬츠,잠옷바지,Bottom
캐주얼상의,스웨트셔츠,Top
블라우스,블라우스,Top
블라우스,블라우스,Top
스커트,플레어스커트,Bottom
드레스,튜닉원피스,Dress&Setup
패딩,패딩,Outer
블라우스,블라우스,Top
팬츠,잠옷바지,Bottom
스커트,플레어스커트,Bottom
드레스,슬립드레스,Dress&Setup
캐주얼상의,후드,Top
스커트,러플스커트,Bottom
블라우스,블라우스,Top
팬츠,스웨트팬츠,Bottom
블라우스,블라우스,Top
캐주얼상의,티셔츠,Top
드레스,파자마드레스,Dress&Setup
드레스,드레스,Dress&Setup
점프수트,점프수트,Dress&Setup
드레스,파자마드레스,Dress&Setup
캐주얼상의,스웨트셔츠,Top
캐주얼상의,스웨트셔츠,Top
드레스,튤드레스,Dress&Setup
패딩,패딩,Outer
캐주얼상의,티셔츠,Top
캐주얼상의,티셔츠,Top
블라우스,블라우스,Top
스커트,티어드스커트,Bottom
니트웨어,가디건,Top
캐주얼상의,스웨트셔츠,Top
드레스,페플럼드레스,Dress&Setup
드레스,튤드레스,Dress&Setup
캐주얼상의,티셔츠,Top
청바지,청반바지,Bottom
점프수트,멜빵바지,Dress&Setup
스커트,플리츠스커트,Bottom
캐주얼상의,스웨트셔츠,Top
니트웨어,스웨터,Top
블라우스,블라우스,Top
팬츠,스웨트팬츠,Bottom
캐주얼상의,스웨트셔츠,Top
니트웨어,스웨터,Top
재킷,바람막이,Outer
캐주얼상의,스웨트셔츠,Top
캐주얼상의,폴로셔츠,Top
캐주얼상의,스웨트셔츠,Top
팬츠,스웨트팬츠,Bottom
캐주얼상의,폴로셔츠,Top
팬츠,스웨트팬츠,Bottom
팬츠,스웨트팬츠,Bottom
캐주얼상의,티셔츠,Top
블라우스,블라우스,Top
블라우스,블라우스,Top
재킷,바람막이,Outer
점프수트,점프수트,Dress&Setup
재킷,바람막이,Outer
셔츠,셔츠,Top
팬츠,배기팬츠,Bottom
탑,파자마상의,Top
팬츠,스웨트팬츠,Bottom
탑,파자마상의,Top
재킷,집업재킷,Outer
블라우스,블라우스,Top
점프수트,점프수트,Dress&Setup
캐주얼상의,티셔츠,Top
캐주얼상의,티셔츠,Top
니트웨어,가디건,Top
팬츠,잠옷바지,Bottom
드레스,멜빵원피스,Dress&Setup
코트,모피코트,Outer
잡화,타이츠스타킹,Accessory
,타이츠스타킹,Accessory
잡화,타이츠스타킹,Accessory
잡화,타이츠스타킹,Accessory
스커트,플레어스커트,Bottom
스커트,트럼펫스커트,Bottom
드레스,파자마드레스,Dress&Setup
블라우스,블라우스,Top
니트웨어,가디건,Top
드레스,파자마드레스,Dress&Setup
팬츠,잠옷바지,Bottom
팬츠,스웨트팬츠,Bottom
블라우스,블라우스,Top
캐주얼상의,티셔츠,Top
블라우스,블라우스,Top
스커트,플레어스커트,Bottom
스커트,튤스커트,Bottom
청바지,청반바지,Bottom
팬츠,스웨트팬츠,Bottom
블라우스,블라우스,Top
팬츠,스웨트팬츠,Bottom
블라우스,블라우스,Top
드레스,파자마드레스,Dress&Setup
팬츠,스웨트팬츠,Bottom
재킷,집업재킷,Outer
패딩,패딩,Outer
니트웨어,가디건,Top
재킷,집업재킷,Outer
패딩,패딩,Outer
드레스,파자마드레스,Dress&Setup
블라우스,블라우스,Top
셔츠,셔츠,Top
블라우스,블라우스,Top
캐주얼상의,티셔츠,Top
캐주얼상의,폴로셔츠,Top
팬츠,배기팬츠,Bottom
점프수트,점프수트,Dress&Setup
캐주얼상의,티셔츠,Top
캐주얼상의,티셔츠,Top
블라우스,블라우스,Top
드레스,셔츠원피스,Dress&Setup
캐주얼상의,스웨트셔츠,Top
니트웨어,스웨터,Top
스커트,스커트,Bottom
스커트,플레어스커트,Bottom
블라우스,블라우스,Top
드레스,드레스,Dress&Setup
드레스,멜빵원피스,Dress&Setup
탑,뷔스티에,Top
드레스,튜닉원피스,Dress&Setup
드레스,드레스,Dress&Setup
캐주얼상의,티셔츠,Top
점프수트,점프수트,Dress&Setup
팬츠,배기팬츠,Bottom
점프수트,멜빵바지,Dress&Setup
스커트,플레어스커트,Bottom
니트웨어,스웨터,Top
스커트,플레어스커트,Bottom
블라우스,블라우스,Top
드레스,슬립드레스,Dress&Setup
드레스,멜빵원피스,Dress&Setup
드레스,드레스,Dress&Setup
스커트,플레어스커트,Bottom
블라우스,블라우스,Top
점프수트,점프수트,Dress&Setup
팬츠,슬랙스,Bottom
점프수트,멜빵바지,Dress&Setup
니트웨어,스웨터,Top
드레스,파자마드레스,Dress&Setup
팬츠,와이드팬츠,Bottom
드레스,드레스,Dress&Setup
드레스,튜닉원피스,Dress&Setup
드레스,드레스,Dress&Setup
캐주얼상의,티셔츠,Top
드레스,멜빵원피스,Dress&Setup
드레스,데님원피스,Dress&Setup
드레스,멜빵원피스,Dress&Setup
재킷,발마칸재킷,Outer
베스트,패딩조끼,Outer
블라우스,블라우스,Top
점퍼,집업점퍼,Outer
운동화,스니커즈,Accessory
코트,코트,Outer
점퍼,블루종,Outer
블라우스,블라우스,Top
베스트,집업베스트,Top
드레스,튜닉원피스,Dress&Setup
베스트,패딩조끼,Outer
드레스,드레스,Dress&Setup
팬츠,치노팬츠,Bottom
재킷,트럭커,Outer
운동화,하이탑스니커즈,Accessory
캐주얼상의,스웨트셔츠,Top
캐주얼상의,티셔츠,Top
니트웨어,가디건,Top
캐주얼상의,티셔츠,Top
점프수트,점프수트,Dress&Setup
팬츠,스웨트팬츠,Bottom
코트,모피코트,Outer
잡화,타이츠스타킹,Accessory
점프수트,점프수트,Dress&Setup
캐주얼상의,스웨트셔츠,Top
캐주얼상의,스웨트셔츠,Top
캐주얼상의,스웨트셔츠,Top
캐주얼상의,폴로셔츠,Top
캐주얼상의,티셔츠,Top
팬츠,스웨트팬츠,Bottom
,타이츠스타킹,Accessory
팬츠,스웨트팬츠,Bottom
모자,비니,Accessory
점프수트,점프수트,Dress&Setup
캐주얼상의,스웨트셔츠,Top
점프수트,점프수트,Dress&Setup
캐주얼상의,티셔츠,Top
팬츠,스웨트팬츠,Bottom
캐주얼상의,스웨트셔츠,Top
팬츠,배기팬츠,Bottom
베스트,베스트,Top
,타이츠스타킹,Accessory
팬츠,스웨트팬츠,Bottom
캐주얼상의,후드,Top
모자,비니,Accessory
캐주얼상의,티셔츠,Top
점퍼,항공점퍼,Outer
코트,모피코트,Outer
니트웨어,스웨터,Top
니트웨어,스웨터,Top
니트웨어,스웨터,Top
운동화,하이탑스니커즈,Accessory
패딩,패딩,Outer
셔츠,셔츠,Top
점퍼,블루종,Outer
운동화,하이탑스니커즈,Accessory
팬츠,스웨트팬츠,Bottom
재킷,바람막이,Outer
캐주얼상의,티셔츠,Top
팬츠,스웨트팬츠,Bottom
니트웨어,가디건,Top
팬츠,스웨트팬츠,Bottom
니트웨어,스웨터,Top
재킷,바람막이,Outer
재킷,바람막이,Outer
니트웨어,가디건,Top
캐주얼상의,후드,Top
캐주얼상의,스웨트셔츠,Top
재킷,집업재킷,Outer
재킷,집업재킷,Outer
드레스,셔츠원피스,Dress&Setup
캐주얼상의,스웨트셔츠,Top
재킷,바람막이,Outer
청바지,청바지,Bottom
캐주얼상의,스웨트셔츠,Top
재킷,바람막이,Outer
캐주얼상의,티셔츠,Top
재킷,집업재킷,Outer
패딩,패딩,Outer
블라우스,블라우스,Top
코트,모피코트,Outer
모자,비니,Accessory
부츠/워커,어그부츠,Accessory
패딩,패딩,Outer
블라우스,블라우스,Top
블라우스,블라우스,Top
코트,코트,Outer
블라우스,블라우스,Top
블라우스,블라우스,Top
청바지,청바지,Bottom
운동화,슬립온,Accessory
패딩,패딩,Outer
캐주얼상의,티셔츠,Top
코트,케이프,Outer
코트,케이프,Outer
팬츠,와이드팬츠,Bottom
블라우스,블라우스,Top
모자,비니,Accessory
운동화,하이탑스니커즈,Accessory
스커트,스커트,Bottom
스커트,플레어스커트,Bottom
블라우스,블라우스,Top
니트웨어,스웨터,Top
드레스,피케원피스,Dress&Setup
재킷,집업재킷,Outer
블라우스,블라우스,Top
캐주얼상의,티셔츠,Top
드레스,멜빵원피스,Dress&Setup
캐주얼상의,스웨트셔츠,Top
드레스,튜닉원피스,Dress&Setup
패딩,패딩,Outer
니트웨어,가디건,Top
드레스,피케원피스,Dress&Setup
캐주얼상의,후드,Top
니트웨어,가디건,Top
블라우스,블라우스,Top
드레스,셔츠원피스,Dress&Setup
캐주얼상의,티셔츠,Top
캐주얼상의,스웨트셔츠,Top
캐주얼상의,티셔츠,Top
팬츠,스웨트팬츠,Bottom
블라우스,블라우스,Top
캐주얼상의,스웨트셔츠,Top
캐주얼상의,티셔츠,Top
캐주얼상의,스웨트셔츠,Top
캐주얼상의,스웨트셔츠,Top
캐주얼상의,티셔츠,Top
캐주얼상의,스웨트셔츠,Top
캐주얼상의,후드,Top
드레스,피케원피스,Dress&Setup
드레스,피케원피스,Dress&Setup
캐주얼상의,후드,Top
패딩,패딩,Outer
패딩,패딩,Outer
캐주얼상의,티셔츠,Top
드레스,셔츠원피스,Dress&Setup
드레스,파자마드레스,Dress&Setup
드레스,튜닉원피스,Dress&Setup
캐주얼상의,스웨트셔츠,Top
셔츠,셔츠,Top
드레스,셔츠원피스,Dress&Setup
캐주얼상의,티셔츠,Top
캐주얼상의,티셔츠,Top
캐주얼상의,후드,Top
캐주얼상의,스웨트셔츠,Top
캐주얼상의,스웨트셔츠,Top
캐주얼상의,티셔츠,Top
캐주얼상의,티셔츠,Top
캐주얼상의,티셔츠,Top
캐주얼상의,스웨트셔츠,Top
코트,모피코트,Outer
드레스,파자마드레스,Dress&Setup
캐주얼상의,티셔츠,Top
블라우스,블라우스,Top
재킷,발마칸재킷,Outer
드레스,셔츠원피스,Dress&Setup
패딩,패딩,Outer
재킷,집업재킷,Outer
코트,더플코트,Outer
캐주얼상의,티셔츠,Top
드레스,튜닉원피스,Dress&Setup
니트웨어,가디건,Top
캐주얼상의,티셔츠,Top
블라우스,블라우스,Top
점퍼,야상,Outer
드레스,셔츠원피스,Dress&Setup
캐주얼상의,스웨트셔츠,Top
캐주얼상의,스웨트셔츠,Top
드레스,피케원피스,Dress&Setup
캐주얼상의,티셔츠,Top
캐주얼상의,티셔츠,Top
셔츠,셔츠,Top
패딩,패딩,Outer
캐주얼상의,티셔츠,Top
캐주얼상의,티셔츠,Top
캐주얼상의,폴로셔츠,Top
캐주얼상의,폴로셔츠,Top
캐주얼상의,스웨트셔츠,Top
코트,트렌치코트,Outer
니트웨어,스웨터,Top
캐주얼상의,폴로셔츠,Top
캐주얼상의,스웨트셔츠,Top
드레스,셔츠원피스,Dress&Setup
캐주얼상의,폴로셔츠,Top
캐주얼상의,스웨트셔츠,Top
캐주얼상의,폴로셔츠,Top
드레스,피케원피스,Dress&Setup
팬츠,치노팬츠,Bottom
캐주얼상의,후드,Top
블라우스,블라우스,Top
캐주얼상의,티셔츠,Top
캐주얼상의,티셔츠,Top
재킷,집업재킷,Outer
캐주얼상의,후드,Top
캐주얼상의,폴로셔츠,Top
캐주얼상의,티셔츠,Top
캐주얼상의,폴로셔츠,Top
재킷,집업재킷,Outer
캐주얼상의,스웨트셔츠,Top
니트웨어,가디건,Top
스커트,플리츠스커트,Bottom
캐주얼상의,폴로셔츠,Top
드레스,피케원피스,Dress&Setup
캐주얼상의,티셔츠,Top
캐주얼상의,티셔츠,Top
캐주얼상의,티셔츠,Top
코트,트렌치코트,Outer
팬츠,스웨트팬츠,Bottom
캐주얼상의,스웨트셔츠,Top
드레스,셔츠원피스,Dress&Setup
패딩,패딩,Outer
드레스,니트원피스,Dress&Setup
팬츠,스웨트팬츠,Bottom
재킷,발마칸재킷,Outer
캐주얼상의,스웨트셔츠,Top
팬츠,스웨트팬츠,Bottom
블라우스,블라우스,Top
드레스,튜닉원피스,Dress&Setup
니트웨어,터틀넥,Top
캐주얼상의,후드,Top
