카테고리1,카테고리2
패딩,패딩
캐주얼상의,티셔츠
재킷,더블브레스티드재킷
베스트,패딩조끼
코트,더플코트
셔츠,셔츠
샌들,샌들
패딩,패딩
패딩,패딩
드레스,드레스
패딩,패딩
패딩,패딩
캐주얼상의,후드
재킷,트럭커
재킷,바람막이
캐주얼상의,스웨트셔츠
코트,더플코트
코트,케이프
스커트,플레어스커트
베스트,패딩조끼
패딩,패딩
캐주얼상의,후드
패딩,패딩
니트웨어,가디건
팬츠,슬랙스
베스트,패딩조끼
드레스,멜빵원피스
캐주얼상의,티셔츠
패딩,패딩
패딩,패딩
패딩,패딩
점퍼,야상
코트,트렌치코트
패딩,패딩
패딩,패딩
모자,귀마개
패딩,패딩
캐주얼상의,스웨트셔츠
캐주얼상의,폴로셔츠
패딩,패딩
캐주얼상의,후드
팬츠,스웨트팬츠
패딩,패딩
재킷,집업재킷
캐주얼상의,스웨트셔츠
드레스,드레스
블라우스,블라우스
스커트,러플스커트
탑,파자마상의
팬츠,잠옷바지
캐주얼상의,티셔츠
스커트,플레어스커트
블라우스,블라우스
팬츠,스웨트팬츠
스커트,러플스커트
팬츠,잠옷바지
캐주얼상의,스웨트셔츠
블라우스,블라우스
블라우스,블라우스
스커트,플레어스커트
드레스,튜닉원피스
패딩,패딩
블라우스,블라우스
팬츠,잠옷바지
스커트,플레어스커트
드레스,슬립드레스
캐주얼상의,후드
스커트,러플스커트
블라우스,블라우스
팬츠,스웨트팬츠
블라우스,블라우스
캐주얼상의,티셔츠
드레스,파자마드레스
드레스,드레스
점프수트,점프수트
드레스,파자마드레스
캐주얼상의,스웨트셔츠
캐주얼상의,스웨트셔츠
드레스,튤드레스
패딩,패딩
캐주얼상의,티셔츠
캐주얼상의,티셔츠
블라우스,블라우스
스커트,티어드스커트
니트웨어,가디건
캐주얼상의,스웨트셔츠
드레스,페플럼드레스
드레스,튤드레스
캐주얼상의,티셔츠
청바지,청반바지
점프수트,멜빵바지
스커트,플리츠스커트
캐주얼상의,스웨트셔츠
니트웨어,스웨터
블라우스,블라우스
팬츠,스웨트팬츠
캐주얼상의,스웨트셔츠
니트웨어,스웨터
재킷,바람막이
캐주얼상의,스웨트셔츠
캐주얼상의,폴로셔츠
캐주얼상의,스웨트셔츠
팬츠,스웨트팬츠
캐주얼상의,폴로셔츠
팬츠,스웨트팬츠
팬츠,스웨트팬츠
캐주얼상의,티셔츠
블라우스,블라우스
블라우스,블라우스
재킷,바람막이
점프수트,점프수트
재킷,바람막이
셔츠,셔츠
팬츠,배기팬츠
탑,파자마상의
팬츠,스웨트팬츠
탑,파자마상의
재킷,집업재킷
블라우스,블라우스
점프수트,점프수트
캐주얼상의,티셔츠
캐주얼상의,티셔츠
니트웨어,가디건
팬츠,잠옷바지
드레스,멜빵원피스
코트,모피코트
잡화,타이츠스타킹
,타이츠스타킹
잡화,타이츠스타킹
잡화,타이츠스타킹
스커트,플레어스커트
스커트,트럼펫스커트
드레스,파자마드레스
블라우스,블라우스
니트웨어,가디건
드레스,파자마드레스
팬츠,잠옷바지
팬츠,스웨트팬츠
블라우스,블라우스
캐주얼상의,티셔츠
블라우스,블라우스
스커트,플레어스커트
스커트,튤스커트
청바지,청반바지
팬츠,스웨트팬츠
블라우스,블라우스
팬츠,스웨트팬츠
블라우스,블라우스
드레스,파자마드레스
팬츠,스웨트팬츠
재킷,집업재킷
패딩,패딩
니트웨어,가디건
재킷,집업재킷
패딩,패딩
드레스,파자마드레스
블라우스,블라우스
셔츠,셔츠
블라우스,블라우스
캐주얼상의,티셔츠
캐주얼상의,폴로셔츠
팬츠,배기팬츠
점프수트,점프수트
캐주얼상의,티셔츠
캐주얼상의,티셔츠
블라우스,블라우스
드레스,셔츠원피스
캐주얼상의,스웨트셔츠
니트웨어,스웨터
스커트,스커트
스커트,플레어스커트
블라우스,블라우스
드레스,드레스
드레스,멜빵원피스
탑,뷔스티에
드레스,튜닉원피스
드레스,드레스
캐주얼상의,티셔츠
점프수트,점프수트
팬츠,배기팬츠
점프수트,멜빵바지
스커트,플레어스커트
니트웨어,스웨터
스커트,플레어스커트
블라우스,블라우스
드레스,슬립드레스
드레스,멜빵원피스
드레스,드레스
스커트,플레어스커트
블라우스,블라우스
점프수트,점프수트
팬츠,슬랙스
점프수트,멜빵바지
니트웨어,스웨터
드레스,파자마드레스
팬츠,와이드팬츠
드레스,드레스
드레스,튜닉원피스
드레스,드레스
캐주얼상의,티셔츠
드레스,멜빵원피스
드레스,데님원피스
드레스,멜빵원피스
재킷,발마칸재킷
베스트,패딩조끼
블라우스,블라우스
점퍼,집업점퍼
운동화,스니커즈
코트,코트
점퍼,블루종
블라우스,블라우스
베스트,집업베스트
드레스,튜닉원피스
베스트,패딩조끼
드레스,드레스
팬츠,치노팬츠
재킷,트럭커
운동화,하이탑스니커즈
캐주얼상의,스웨트셔츠
캐주얼상의,티셔츠
니트웨어,가디건
캐주얼상의,티셔츠
점프수트,점프수트
팬츠,스웨트팬츠
코트,모피코트
잡화,타이츠스타킹
점프수트,점프수트
캐주얼상의,스웨트셔츠
캐주얼상의,스웨트셔츠
캐주얼상의,스웨트셔츠
캐주얼상의,폴로셔츠
캐주얼상의,티셔츠
팬츠,스웨트팬츠
,타이츠스타킹
팬츠,스웨트팬츠
모자,비니
점프수트,점프수트
캐주얼상의,스웨트셔츠
점프수트,점프수트
캐주얼상의,티셔츠
팬츠,스웨트팬츠
캐주얼상의,스웨트셔츠
팬츠,배기팬츠
베스트,베스트
,타이츠스타킹
팬츠,스웨트팬츠
캐주얼상의,후드
모자,비니
캐주얼상의,티셔츠
점퍼,항공점퍼
코트,모피코트
니트웨어,스웨터
니트웨어,스웨터
니트웨어,스웨터
운동화,하이탑스니커즈
패딩,패딩
셔츠,셔츠
점퍼,블루종
운동화,하이탑스니커즈
팬츠,스웨트팬츠
재킷,바람막이
캐주얼상의,티셔츠
팬츠,스웨트팬츠
니트웨어,가디건
팬츠,스웨트팬츠
니트웨어,스웨터
재킷,바람막이
재킷,바람막이
니트웨어,가디건
캐주얼상의,후드
캐주얼상의,스웨트셔츠
재킷,집업재킷
재킷,집업재킷
드레스,셔츠원피스
캐주얼상의,스웨트셔츠
재킷,바람막이
청바지,청바지
캐주얼상의,스웨트셔츠
재킷,바람막이
캐주얼상의,티셔츠
재킷,집업재킷
패딩,패딩
블라우스,블라우스
코트,모피코트
모자,비니
부츠/워커,어그부츠
패딩,패딩
블라우스,블라우스
블라우스,블라우스
코트,코트
블라우스,블라우스
블라우스,블라우스
청바지,청바지
운동화,슬립온
패딩,패딩
캐주얼상의,티셔츠
코트,케이프
코트,케이프
팬츠,와이드팬츠
블라우스,블라우스
모자,비니
운동화,하이탑스니커즈
스커트,스커트
스커트,플레어스커트
블라우스,블라우스
니트웨어,스웨터
드레스,피케원피스
재킷,집업재킷
블라우스,블라우스
캐주얼상의,티셔츠
드레스,멜빵원피스
캐주얼상의,스웨트셔츠
드레스,튜닉원피스
패딩,패딩
니트웨어,가디건
드레스,피케원피스
캐주얼상의,후드
니트웨어,가디건
블라우스,블라우스
드레스,셔츠원피스
캐주얼상의,티셔츠
캐주얼상의,스웨트셔츠
캐주얼상의,티셔츠
팬츠,스웨트팬츠
블라우스,블라우스
캐주얼상의,스웨트셔츠
캐주얼상의,티셔츠
캐주얼상의,스웨트셔츠
캐주얼상의,스웨트셔츠
캐주얼상의,티셔츠
캐주얼상의,스웨트셔츠
캐주얼상의,후드
드레스,피케원피스
드레스,피케원피스
캐주얼상의,후드
패딩,패딩
패딩,패딩
캐주얼상의,티셔츠
드레스,셔츠원피스
드레스,파자마드레스
드레스,튜닉원피스
캐주얼상의,스웨트셔츠
셔츠,셔츠
드레스,셔츠원피스
캐주얼상의,티셔츠
캐주얼상의,티셔츠
캐주얼상의,후드
캐주얼상의,스웨트셔츠
캐주얼상의,스웨트셔츠
캐주얼상의,티셔츠
캐주얼상의,티셔츠
캐주얼상의,티셔츠
캐주얼상의,스웨트셔츠
코트,모피코트
드레스,파자마드레스
캐주얼상의,티셔츠
블라우스,블라우스
재킷,발마칸재킷
드레스,셔츠원피스
패딩,패딩
재킷,집업재킷
코트,더플코트
캐주얼상의,티셔츠
드레스,튜닉원피스
니트웨어,가디건
캐주얼상의,티셔츠
블라우스,블라우스
점퍼,야상
드레스,셔츠원피스
캐주얼상의,스웨트셔츠
캐주얼상의,스웨트셔츠
드레스,피케원피스
캐주얼상의,티셔츠
캐주얼상의,티셔츠
셔츠,셔츠
패딩,패딩
캐주얼상의,티셔츠
캐주얼상의,티셔츠
캐주얼상의,폴로셔츠
캐주얼상의,폴로셔츠
캐주얼상의,스웨트셔츠
코트,트렌치코트
니트웨어,스웨터
캐주얼상의,폴로셔츠
캐주얼상의,스웨트셔츠
드레스,셔츠원피스
캐주얼상의,폴로셔츠
캐주얼상의,스웨트셔츠
캐주얼상의,폴로셔츠
드레스,피케원피스
팬츠,치노팬츠
캐주얼상의,후드
블라우스,블라우스
캐주얼상의,티셔츠
캐주얼상의,티셔츠
재킷,집업재킷
캐주얼상의,후드
캐주얼상의,폴로셔츠
캐주얼상의,티셔츠
캐주얼상의,폴로셔츠
재킷,집업재킷
캐주얼상의,스웨트셔츠
니트웨어,가디건
스커트,플리츠스커트
캐주얼상의,폴로셔츠
드레스,피케원피스
캐주얼상의,티셔츠
캐주얼상의,티셔츠
캐주얼상의,티셔츠
코트,트렌치코트
팬츠,스웨트팬츠
캐주얼상의,스웨트셔츠
드레스,셔츠원피스
패딩,패딩
드레스,니트원피스
팬츠,스웨트팬츠
재킷,발마칸재킷
캐주얼상의,스웨트셔츠
팬츠,스웨트팬츠
블라우스,블라우스
드레스,튜닉원피스
니트웨어,터틀넥
캐주얼상의,후드